,Year,Month,Date,Hour,Minute,Second,Region,Lat,Lon,Depth(m),Mag,Mag_type
0,2021,10,16,1,46,25.2,MYANMAR-INDIA BORDER REGION,24.3171,93.8462,45780,4,mb
1,2021,10,7,18,28,3.6,MYANMAR,22.3074,94.7616,110000,5.5,mww
2,2021,10,5,1,12,16.1,"ANDAMAN ISLANDS, INDIA REGION",13.7792,93.6855,60300,5,mb
3,2021,10,2,22,1,42.7,MYANMAR,24.9285,96.3949,10000,4.2,mb
4,2021,9,30,13,5,36.4,"ANDAMAN ISLANDS, INDIA REGION",11.7507,95.2935,24040,4.4,mb
5,2021,9,26,6,28,43.3,MYANMAR-INDIA BORDER REGION,23.4064,93.4982,9310,4.2,mb
6,2021,9,19,19,24,4.7,MYANMAR-INDIA BORDER REGION,25.2256,94.8803,80050,5,mb
7,2021,9,19,9,36,34.2,EASTERN XIZANG-INDIA BORDER REG.,28.7158,96.3683,37890,4.6,mb
8,2021,9,16,4,49,42.9,MYANMAR-INDIA BORDER REGION,23.6577,94.5361,93270,4.4,mb
9,2021,9,15,13,29,41.9,MYANMAR-INDIA BORDER REGION,23.4599,93.4042,10000,4.6,mb
10,2021,9,14,18,47,12.9,"ANDAMAN ISLANDS, INDIA REGION",10.4507,93.2806,87800,4.4,mb
11,2021,9,13,16,30,44.2,"ANDAMAN ISLANDS, INDIA REGION",12.8565,95.722,10000,4.5,mb
12,2021,9,11,3,20,17.2,"ANDAMAN ISLANDS, INDIA REGION",14.1061,92.9896,10000,5.2,mb
13,2021,9,9,3,52,36.3,"ANDAMAN ISLANDS, INDIA REGION",10.3157,93.729,10000,4.5,mb
14,2021,9,9,3,44,28.8,"ANDAMAN ISLANDS, INDIA REGION",10.263,93.728,10000,4.8,mb
15,2021,9,9,3,2,25.8,"ANDAMAN ISLANDS, INDIA REGION",10.1316,93.9833,70000,4.7,mb
16,2021,9,4,12,53,31.8,"ANDAMAN ISLANDS, INDIA REGION",10.1164,91.5131,10000,4.4,mb
17,2021,9,4,12,10,24.2,"ANDAMAN ISLANDS, INDIA REGION",10.1169,91.4548,10000,4.2,mb
18,2021,9,4,12,5,15.8,MYANMAR,26.5115,96.5587,97980,4.5,mb
19,2021,9,4,10,7,22.3,"ANDAMAN ISLANDS, INDIA REGION",13.6444,93.5461,35000,4.2,mb
20,2021,9,2,3,21,59.7,"ANDAMAN ISLANDS, INDIA REGION",10.2773,93.9046,10000,4.2,mb
21,2021,8,31,16,5,14.3,"ANDAMAN ISLANDS, INDIA REGION",10.9134,91.5518,10000,4.3,mb
22,2021,8,30,18,54,46.2,"ANDAMAN ISLANDS, INDIA REGION",10.1749,93.839,52400,4.6,mb
23,2021,8,25,6,6,11.5,MYANMAR,20.8876,96.9,10000,4.4,mb
24,2021,8,24,2,15,10.3,MYANMAR,25.094,96.2561,10000,4.6,mb
25,2021,8,23,5,16,53,"ANDAMAN ISLANDS, INDIA REGION",10.5463,92.1946,10000,4.7,mb
26,2021,8,22,12,22,3.9,MYANMAR,22.2644,94.6702,121520,4.6,mb
27,2021,8,22,7,57,1.7,"ANDAMAN ISLANDS, INDIA REGION",10.7582,94.4328,10000,4.1,mb
28,2021,8,20,0,27,34.9,"ANDAMAN ISLANDS, INDIA REGION",14.0695,92.8419,10000,4.6,mb
29,2021,8,17,16,23,45.5,"YUNNAN, CHINA",25.7687,99.9762,10000,4.3,mb
30,2021,8,17,15,32,24.9,MYANMAR-INDIA BORDER REGION,24.6509,94.4519,63330,4.9,mb
31,2021,8,14,19,50,17.2,"ANDAMAN ISLANDS, INDIA REGION",12.3093,95.038,10000,4.7,mb
32,2021,8,10,5,50,16.6,NEAR SOUTH COAST OF MYANMAR,16.4467,94.1222,15420,4.1,mb
33,2021,8,10,3,18,13.9,MYANMAR,22.4452,95.9005,22350,4.8,mb
34,2021,8,9,15,48,30.4,MYANMAR,20.4478,92.3214,10000,4.2,mb
35,2021,8,9,13,6,44.8,EASTERN XIZANG-INDIA BORDER REG.,29.7653,94.5571,10000,4.2,mb
36,2021,8,6,20,16,7.4,MYANMAR,21.4095,94.7377,110480,4.5,mb
37,2021,8,6,18,49,56.9,MYANMAR,22.5189,94.2094,39540,4.4,mb
38,2021,8,6,12,47,47.6,MYANMAR-INDIA BORDER REGION,23.2137,94.1338,101680,4.4,mb
39,2021,8,4,22,10,2.5,MYANMAR-INDIA BORDER REGION,25.0993,94.9275,99590,4.4,mb
40,2021,7,29,8,39,27.8,MYANMAR,22.8753,96.024,10000,5.5,mb
41,2021,7,26,5,3,30.8,MYANMAR-INDIA BORDER REGION,24.5629,94.4303,66800,4.9,mb
42,2021,7,14,20,34,51.3,MYANMAR-INDIA BORDER REGION,23.5272,94.7567,102410,4.5,mb
43,2021,7,14,20,10,53.1,MYANMAR,22.4613,94.1567,39360,4.2,mb
44,2021,7,13,23,40,50.9,MYANMAR,22.4445,94.2123,41950,4.5,mb
45,2021,7,12,20,14,51,"ANDAMAN ISLANDS, INDIA REGION",13.6942,92.7449,24670,4.6,mb
46,2021,7,9,7,46,23.8,INDIA-BANGLADESH BORDER REGION,25.9749,90.3995,10000,4.3,mb
47,2021,7,9,0,26,26.5,MYANMAR-INDIA BORDER REGION,25.0311,95.2274,102190,4.6,mb
48,2021,7,7,20,21,9.5,"ANDAMAN ISLANDS, INDIA REGION",11.0785,93.4623,96690,4.2,mb
49,2021,7,7,6,43,49.7,LAOS,19.6319,101.1453,10000,4.7,mb
50,2021,7,7,3,15,24.2,INDIA-BANGLADESH BORDER REGION,25.9603,90.3499,10000,5.3,mb
51,2021,7,4,16,57,13.8,MYANMAR,26.5881,96.4952,35000,4.5,mb
52,2021,6,28,22,41,29.7,"YUNNAN, CHINA",25.7746,100.0072,10000,4.1,mb
53,2021,6,22,16,44,36.5,EASTERN XIZANG-INDIA BORDER REG.,28.0137,92.2097,65760,4.6,mb
54,2021,6,18,19,37,32.4,NORTHEASTERN INDIA,26.7313,92.4583,43800,4.5,mb
55,2021,6,17,20,34,41.3,NORTHEASTERN INDIA,26.6776,92.3948,43650,4.5,mb
56,2021,6,15,14,46,8.1,MYANMAR,26.6187,97.0854,36120,4.8,mb
57,2021,6,12,10,0,48.4,MYANMAR-CHINA BORDER REGION,24.9597,97.8861,10000,4.9,mb
58,2021,6,4,22,12,25.1,"YUNNAN, CHINA",25.6398,100.1814,10000,4.1,mb
59,2021,6,2,19,45,34.4,"ANDAMAN ISLANDS, INDIA REGION",10.2844,91.567,10000,4.6,mb
60,2021,6,1,1,9,21.8,"ANDAMAN ISLANDS, INDIA REGION",12.8061,93.3096,49570,4.5,mb
61,2021,5,31,19,49,34.5,MYANMAR-INDIA BORDER REGION,23.2381,94.6949,111490,4.4,mb
62,2021,5,31,4,20,45.7,NORTHEASTERN INDIA,26.7602,92.3082,10000,4.2,mb
63,2021,5,30,8,53,8,NORTHEASTERN INDIA,26.6343,92.326,52850,4.4,mb
64,2021,5,28,16,51,21.7,MYANMAR,22.5949,94.7171,113940,4.5,mb
65,2021,5,28,12,43,19.3,"YUNNAN, CHINA",25.5796,100.1467,10000,4.2,mb
66,2021,5,27,13,0,46.7,"ANDAMAN ISLANDS, INDIA REGION",10.7126,91.5096,10000,4.4,mb
67,2021,5,27,11,52,55,"YUNNAN, CHINA",26.2866,99.5437,10000,4.2,mb
68,2021,5,25,19,23,7.5,MYANMAR-INDIA BORDER REGION,23.593,94.5857,99630,4.1,mb
69,2021,5,25,14,14,37.4,"ANDAMAN ISLANDS, INDIA REGION",13.2087,92.8437,10000,4.5,mb
70,2021,5,24,3,49,10,"ANDAMAN ISLANDS, INDIA REGION",11.7799,94.876,10000,4.5,mb
71,2021,5,23,15,41,3.5,MYANMAR,22.9496,94.5814,95830,4.3,mb
72,2021,5,23,1,26,40.9,MYANMAR,24.7351,95.0955,103920,4.4,mb
73,2021,5,22,12,14,37.9,"YUNNAN, CHINA",25.709,100.0706,10000,4.7,mb
74,2021,5,22,1,48,3.9,"YUNNAN, CHINA",25.7146,99.9459,10000,4.4,mb
75,2021,5,22,0,38,31.9,MYANMAR,20.0893,95.7789,10000,4.4,mb
76,2021,5,21,20,10,59.2,"YUNNAN, CHINA",25.7154,99.9773,10000,4.1,mb
77,2021,5,21,18,28,48.6,"YUNNAN, CHINA",25.6529,99.9988,31900,4.8,mb
78,2021,5,21,17,50,18.8,"YUNNAN, CHINA",25.689,100.2762,10000,4.2,mb
79,2021,5,21,17,36,7.6,"YUNNAN, CHINA",25.6631,100.056,10000,4.3,mb
80,2021,5,21,15,23,37.3,"YUNNAN, CHINA",25.6603,100.2397,10000,4.5,mb
81,2021,5,21,14,52,7.4,"YUNNAN, CHINA",25.4865,100.6098,10000,4.1,mb
82,2021,5,21,14,31,12,"YUNNAN, CHINA",25.6862,100.001,10000,5.1,Mww
83,2021,5,21,13,56,40.9,"YUNNAN, CHINA",25.838,100.1301,10000,5,mb
84,2021,5,21,13,55,32,"YUNNAN, CHINA",25.8236,100.0176,10000,5,mb
85,2021,5,21,13,48,37.3,"YUNNAN, CHINA",25.7444,100.0155,9000,6.1,Mww
86,2021,5,21,13,21,59.9,"YUNNAN, CHINA",25.5476,99.9993,10000,5.1,mb
87,2021,5,21,13,21,26.7,"YUNNAN, CHINA",25.6897,100.0154,10000,5.3,mww
88,2021,5,21,12,56,5,"YUNNAN, CHINA",25.6557,100.0006,10000,4.6,mb
89,2021,5,19,17,58,59.9,"YUNNAN, CHINA",25.751,100.2228,10000,4.1,mb
90,2021,5,19,13,13,10.7,"YUNNAN, CHINA",25.8208,100.0915,10000,4.3,mb
91,2021,5,19,12,5,59.1,"YUNNAN, CHINA",25.5864,99.9677,10000,4.6,mb
92,2021,5,18,13,39,44,"YUNNAN, CHINA",26.1305,99.4459,10000,4.3,mb
93,2021,5,18,12,3,1.3,NORTHEASTERN INDIA,26.6713,92.4258,49810,4.4,mb
94,2021,5,17,22,54,34.4,"ANDAMAN ISLANDS, INDIA REGION",14.5393,93.7329,25900,4.1,mb
95,2021,5,15,3,3,56.7,NORTHEASTERN INDIA,26.753,92.4736,43800,4.4,mb
96,2021,5,14,23,39,52,MYANMAR-INDIA BORDER REGION,26.418,95.5047,85910,4.2,mb
97,2021,5,14,16,42,5,MYANMAR,24.9625,95.1088,111380,4.5,mb
98,2021,5,13,3,42,38.8,"YUNNAN, CHINA",24.4093,99.192,10000,4.6,mb
99,2021,5,9,18,41,23,NORTHEASTERN INDIA,26.774,92.4738,10000,3.8,mb
100,2021,5,6,5,0,15.7,NORTHEASTERN INDIA,26.5945,92.4813,48290,4.2,mb
101,2021,5,5,13,52,2.9,NORTHEASTERN INDIA,26.0788,91.0721,10000,4.2,mb
102,2021,4,30,20,47,33.9,MYANMAR,19.3381,97.1038,15000,4.4,mb
103,2021,4,30,13,40,6.2,MYANMAR-INDIA BORDER REGION,24.2389,94.513,95310,4.3,mb
104,2021,4,28,19,50,53.8,NORTHEASTERN INDIA,26.7477,92.4849,38210,4.8,mb
105,2021,4,28,10,33,28,NORTHEASTERN INDIA,26.7662,92.5133,35000,4.2,mb
106,2021,4,28,2,43,20.8,NORTHEASTERN INDIA,26.8262,92.5371,35000,4.4,mb
107,2021,4,28,2,33,1.5,NORTHEASTERN INDIA,26.7489,92.5136,35000,5,mb
108,2021,4,28,2,21,26.2,NORTHEASTERN INDIA,26.7746,92.4364,34000,6,mww
109,2021,4,21,19,45,14.8,"ANDAMAN ISLANDS, INDIA REGION",10.4847,93.8566,35000,4.3,mb
110,2021,4,21,19,34,43,"ANDAMAN ISLANDS, INDIA REGION",10.5902,94.2339,26060,4.6,mb
111,2021,4,18,13,24,32.8,MYANMAR,22.5129,94.1955,24670,5.1,Mww
112,2021,4,14,16,45,9,"ANDAMAN ISLANDS, INDIA REGION",10.8839,91.5252,10000,4.1,mb
113,2021,4,6,2,4,3.7,MYANMAR,21.9881,94.3005,51390,4,mb
114,2021,3,26,19,2,7.2,EASTERN XIZANG-INDIA BORDER REG.,27.6146,92.6806,24840,5,Mww
115,2021,3,25,0,28,53.5,MYANMAR,17.7099,94.1714,10000,4.3,mb
116,2021,3,22,15,40,44.6,EASTERN XIZANG-INDIA BORDER REG.,28.2935,93.7808,10000,4.6,mb
117,2021,3,21,12,22,37.7,NORTHEASTERN INDIA,26.6195,92.5148,10000,4.2,mb
118,2021,3,11,2,34,14.2,MYANMAR,22.6746,94.565,103620,4.5,mb
119,2021,3,9,11,15,1.1,MYANMAR-INDIA BORDER REGION,25.3809,95.0793,89490,4.6,mb
120,2021,2,25,7,50,20.3,MYANMAR,22.8779,96.0167,10000,4.5,mb
121,2021,2,25,4,19,58.7,MYANMAR,22.3908,95.4803,22580,4.1,mb
122,2021,2,25,3,46,4.1,MYANMAR,22.7,95.8415,20120,4.2,mb
123,2021,2,25,2,34,26.5,MYANMAR,22.8585,95.9211,10000,4.9,mb
124,2021,2,24,18,16,46.5,BAY OF BENGAL,20.054,91.0101,10000,4.5,mb
125,2021,2,20,0,1,25.2,MYANMAR-INDIA BORDER REGION,23.3318,94.5689,95450,4.1,mb
126,2021,2,17,12,24,46.8,NORTHEASTERN INDIA,26.7322,92.5712,18670,4.6,mb
127,2021,2,16,20,36,52.2,"ANDAMAN ISLANDS, INDIA REGION",11.987,94.5015,10000,4.7,mb
128,2021,2,11,8,4,50.6,MYANMAR,22.9672,94.4789,102860,4.4,mb
129,2021,2,8,15,40,37.9,"ANDAMAN ISLANDS, INDIA REGION",13.9209,96.4846,10000,4.4,mb
130,2021,2,5,11,47,47.7,MYANMAR,20.9672,97.8113,10000,4.4,Mwr
131,2021,1,31,20,4,24.8,MYANMAR-INDIA BORDER REGION,24.9329,94.4399,51160,4,mb
132,2021,1,27,18,56,21.4,MYANMAR-INDIA BORDER REGION,26.293,95.7822,80920,4.2,mb
133,2021,1,27,2,52,29.5,"ANDAMAN ISLANDS, INDIA REGION",13.1497,92.5328,28070,4.4,mb
134,2021,1,22,21,14,43.4,MYANMAR,24.326,95.0289,117910,4.3,mb
135,2021,1,17,13,42,51.9,MYANMAR-CHINA BORDER REGION,24.5613,97.108,10000,4.3,mb
136,2021,1,17,6,59,48.2,MYANMAR,26.0588,96.3433,10000,4.3,mb
137,2021,1,17,4,44,46.4,"YUNNAN, CHINA",24.2534,99.3894,10000,4.4,mb
138,2021,1,16,20,48,12.9,MYANMAR-INDIA BORDER REGION,23.6359,93.5159,61320,4.3,mb
139,2021,1,13,19,15,33.9,MYANMAR-INDIA BORDER REGION,24.8799,93.3739,10000,4.2,mb
140,2021,1,13,1,7,21.9,MYANMAR,22.7983,94.6878,108510,4.1,mb
141,2020,12,26,21,48,15.1,MYANMAR-INDIA BORDER REGION,27.3034,96.9396,10000,4.5,mb
142,2020,12,26,14,19,9.4,BAY OF BENGAL,16.0246,92.9758,10000,4.5,mb
143,2020,12,24,15,13,55.5,MYANMAR,25.4342,96.6814,46510,4.4,mb
144,2020,12,24,8,9,48.4,MYANMAR,25.6542,96.7113,10000,4.9,mb
145,2020,12,23,11,6,53.8,MYANMAR-INDIA BORDER REGION,27.4003,97.0395,49940,4.2,mb
146,2020,12,19,6,22,47.1,MYANMAR,22.0856,94.6654,112460,4.1,mb
147,2020,12,12,4,14,10.9,MYANMAR-INDIA BORDER REGION,23.0317,94.2086,76920,4.2,mb
148,2020,12,10,16,56,51.3,NORTHEASTERN INDIA,26.1368,90.5536,35300,4.2,mb
149,2020,12,8,5,14,35.3,MYANMAR,22.1912,94.38,91030,5.1,mb
150,2020,12,6,14,39,13.8,MYANMAR,21.8358,93.4233,52560,4.6,mb
151,2020,12,6,13,35,41.2,"ANDAMAN ISLANDS, INDIA REGION",12.619,93.2653,62260,4.6,mb
152,2020,12,1,13,39,33.5,"YUNNAN, CHINA",25.0149,99.3985,10000,4.5,mb
153,2020,11,26,2,0,31.3,"ANDAMAN ISLANDS, INDIA REGION",10.1668,93.6071,10000,4.3,mb
154,2020,11,22,3,29,21,NORTHEASTERN INDIA,26.2945,94.7728,60630,4.3,mb
155,2020,11,22,0,0,40.6,"ANDAMAN ISLANDS, INDIA REGION",14.0018,92.5891,10000,4.3,mb
156,2020,11,21,4,49,33.5,MYANMAR-INDIA BORDER REGION,24.9595,94.9967,10000,4.5,mb
157,2020,11,17,3,28,22.7,"ANDAMAN ISLANDS, INDIA REGION",13.7389,92.4013,10000,4.3,mb
158,2020,11,14,8,50,26.7,MYANMAR-INDIA BORDER REGION,23.6114,94.5944,110520,5,Mww
159,2020,11,10,4,45,39.7,MYANMAR,22.7939,94.4538,104480,4.5,mb
160,2020,11,8,9,32,42.8,MYANMAR-INDIA BORDER REGION,24.203,94.1984,63580,4.3,mb
161,2020,11,8,9,12,23.8,EASTERN XIZANG-INDIA BORDER REG.,28.6287,96.3987,10000,4.3,mb
162,2020,11,7,6,19,11.5,"ANDAMAN ISLANDS, INDIA REGION",13.9453,92.9836,10000,4.5,mb
163,2020,11,6,3,6,50.2,MYANMAR,25.1148,96.3139,47500,4.3,mb
164,2020,11,2,19,43,17.1,INDIA-BANGLADESH BORDER REGION,25.7773,91.1728,10000,4.5,mb
165,2020,10,24,3,21,4.3,INDIA-BANGLADESH BORDER REGION,23.1224,92.2965,44640,4.4,mb
166,2020,10,20,19,55,50,MYANMAR-INDIA BORDER REGION,27.2257,96.1444,57980,4,mb
167,2020,10,14,23,39,1.1,"ANDAMAN ISLANDS, INDIA REGION",12.1851,95.7845,10000,4.3,mb
168,2020,10,13,1,36,21.2,MYANMAR-INDIA BORDER REGION,23.1644,94.1126,71720,4.5,mb
169,2020,10,10,17,38,1.3,MYANMAR-INDIA BORDER REGION,24.6513,93.5136,58010,5.4,Mww
170,2020,10,6,22,2,54.4,MYANMAR-INDIA BORDER REGION,25.643,94.7776,61510,4.6,mb
171,2020,10,5,12,8,40,MYANMAR-INDIA BORDER REGION,23.5477,94.4335,74110,4.1,mb
172,2020,10,4,16,0,2.8,MYANMAR,20.6448,94.4032,78190,4.3,mb
173,2020,10,3,15,36,17.8,NORTHEASTERN INDIA,26.2024,91.3108,44300,4.2,mb
174,2020,9,21,19,58,34.6,NORTHEASTERN INDIA,26.2803,91.3167,39620,4.4,mb
175,2020,9,20,1,59,5.6,MYANMAR-INDIA BORDER REGION,22.99,93.7675,53870,4.7,Mww
176,2020,9,18,17,53,39.6,MYANMAR-INDIA BORDER REGION,23.3836,94.5477,90390,4.4,mb
177,2020,9,10,16,54,55.1,MYANMAR-INDIA BORDER REGION,23.9905,94.8835,127250,4.3,mb
178,2020,9,7,21,37,50.4,"ANDAMAN ISLANDS, INDIA REGION",13.1472,93.1904,41160,4.7,mb
179,2020,9,6,11,36,45.7,"ANDAMAN ISLANDS, INDIA REGION",14.0641,93.0643,10000,4.1,mb
180,2020,8,31,21,9,33.6,MYANMAR,24.8788,95.2425,123460,4.9,mb
181,2020,8,30,1,47,38.8,INDIA-BANGLADESH BORDER REGION,23.4098,92.0133,37750,5.1,mb
182,2020,8,27,15,50,11,MYANMAR,18.2351,95.1077,33210,4.3,mb
183,2020,8,27,13,17,20.6,MYANMAR-INDIA BORDER REGION,23.0656,93.2324,10000,4.5,mb
184,2020,8,27,12,7,15.6,MYANMAR-INDIA BORDER REGION,23.1658,93.3193,10000,5.3,Mww
185,2020,8,24,13,5,49.7,MYANMAR-CHINA BORDER REGION,25.2722,97.6027,10000,4.3,mb
186,2020,8,23,13,18,15.2,MYANMAR-INDIA BORDER REGION,26.0998,95.5832,86900,4.6,mb
187,2020,8,22,22,56,36.5,MYANMAR,22.5997,94.5465,102780,4.2,mb
188,2020,8,14,1,8,8.1,MYANMAR-INDIA BORDER REGION,23.1226,93.2923,10000,4.2,mb
189,2020,8,12,15,58,8.3,EASTERN XIZANG-INDIA BORDER REG.,29.8913,95.1174,10000,4.8,mb
190,2020,8,11,13,57,53.2,MYANMAR-INDIA BORDER REGION,24.2129,93.9507,59160,4.3,mb
191,2020,8,7,17,36,20.3,MYANMAR-INDIA BORDER REGION,24.5233,94.8495,103260,4.3,mb
192,2020,7,30,19,28,39,"YUNNAN, CHINA",24.9912,99.2531,10000,4.3,mb
193,2020,7,30,13,35,44.8,EASTERN XIZANG-INDIA BORDER REG.,29.8251,95.0976,10000,4.1,mb
194,2020,7,28,14,38,50,MYANMAR-INDIA BORDER REGION,23.264,93.3103,10000,4.6,Mww
195,2020,7,24,5,45,56.8,MYANMAR-INDIA BORDER REGION,23.069,93.3699,10000,4.1,mb
196,2020,7,22,4,45,35.5,MYANMAR-CHINA BORDER REGION,22.3714,99.8212,25890,4.5,mb
197,2020,7,20,22,52,49,"ANDAMAN ISLANDS, INDIA REGION",12.1567,94.9118,10000,4.5,mb
198,2020,7,18,18,38,20.4,MYANMAR,21.7841,97.0311,9960,4.5,mb
199,2020,7,17,18,33,0,"ANDAMAN ISLANDS, INDIA REGION",12.1027,94.9647,13820,5.7,mww
200,2020,7,17,17,45,23.7,"ANDAMAN ISLANDS, INDIA REGION",12.0002,95.1209,10950,4.8,mb
201,2020,7,17,16,33,53.5,MYANMAR-INDIA BORDER REGION,23.1162,93.3092,10000,5.1,Mww
202,2020,7,17,14,43,19,"ANDAMAN ISLANDS, INDIA REGION",11.9603,94.7105,10000,5,mb
203,2020,7,17,14,3,42.1,"ANDAMAN ISLANDS, INDIA REGION",11.984,94.8885,10000,6.1,mww
204,2020,7,17,13,29,5.4,"ANDAMAN ISLANDS, INDIA REGION",11.8869,94.9157,10000,5.1,Mww
205,2020,7,17,10,26,39,MYANMAR-INDIA BORDER REGION,23.0895,93.3132,10000,4.3,mb
206,2020,7,17,5,37,17.8,"ANDAMAN ISLANDS, INDIA REGION",11.8654,95.0388,10000,4.6,mb
207,2020,7,17,5,1,13.4,"ANDAMAN ISLANDS, INDIA REGION",11.6984,95.0094,10000,4.8,mb
208,2020,7,16,2,27,38.7,INDIA-BANGLADESH BORDER REGION,24.6068,92.3957,39620,4.4,mb
209,2020,7,16,1,21,55.9,MYANMAR-INDIA BORDER REGION,24.606,94.8877,30680,4.4,mb
210,2020,7,13,17,34,1,"YUNNAN, CHINA",25.1767,99.5735,10000,4,mb
211,2020,7,12,21,6,47.7,"ANDAMAN ISLANDS, INDIA REGION",14.3503,92.992,10000,4.6,mb
212,2020,7,9,8,58,12.7,MYANMAR-INDIA BORDER REGION,23.0702,93.314,10000,4.6,mb
213,2020,7,7,23,49,28.1,"ANDAMAN ISLANDS, INDIA REGION",12.9785,92.4828,10000,4.6,mb
214,2020,7,6,3,33,50.1,"SICHUAN, CHINA",28.2195,100.9045,10000,4.2,mb
215,2020,7,5,11,56,34.5,MYANMAR-INDIA BORDER REGION,23.1732,93.2967,10000,4.8,mb
216,2020,7,3,9,5,43.4,MYANMAR-INDIA BORDER REGION,23.0767,93.2637,10000,4.6,mb
217,2020,6,28,5,54,36.3,MYANMAR-INDIA BORDER REGION,24.6766,94.5933,57960,4.4,mb
218,2020,6,28,3,26,21.3,"ANDAMAN ISLANDS, INDIA REGION",12.9095,92.6873,10000,4.2,mb
219,2020,6,26,16,5,45.3,MYANMAR,20.8724,94.2917,82200,4.5,mb
220,2020,6,24,22,28,28.4,NEAR SOUTH COAST OF MYANMAR,15.1779,96.2038,10000,4.3,mb
221,2020,6,24,19,44,43.5,MYANMAR-INDIA BORDER REGION,23.1939,93.2827,4240,4.8,mb
222,2020,6,24,2,32,33.7,MYANMAR-INDIA BORDER REGION,23.206,93.2628,4580,4.5,mb
223,2020,6,23,13,47,32.9,MYANMAR-INDIA BORDER REGION,23.9312,93.0128,10000,3.6,mb
224,2020,6,21,22,40,52.6,MYANMAR-INDIA BORDER REGION,23.1449,93.2856,10840,5.6,Mww
225,2020,6,21,10,46,25.3,MYANMAR-INDIA BORDER REGION,23.8756,93.071,40380,5.2,mb
226,2020,6,21,10,10,13.7,MYANMAR,21.9396,94.9061,122400,4.2,mb
227,2020,6,18,13,59,20.7,MYANMAR,22.4403,94.4328,91950,4.8,mb
228,2020,6,16,11,15,51.6,MYANMAR,18.954,94.3005,35000,4.8,mb
229,2020,6,14,5,35,31.8,MYANMAR-INDIA BORDER REGION,23.2948,93.7812,62310,4.8,mb
230,2020,6,14,2,39,47.3,MYANMAR,26.6964,97.0803,40240,4.7,mb
231,2020,6,11,10,48,35,"ANDAMAN ISLANDS, INDIA REGION",10.2844,93.7934,10000,4.6,mb
232,2020,6,9,20,47,35.4,"ANDAMAN ISLANDS, INDIA REGION",14.1533,91.6121,26760,4.6,mb
233,2020,6,3,1,40,48.9,INDIA-BANGLADESH BORDER REGION,24.8316,91.1391,30480,4.2,mb
234,2020,6,2,1,44,10.8,MYANMAR-CHINA BORDER REGION,23.7804,98.3563,14390,4.6,mb
235,2020,5,31,13,3,58.9,"ANDAMAN ISLANDS, INDIA REGION",10.8899,92.5217,8420,4.7,mb
236,2020,5,30,23,12,23.5,"ANDAMAN ISLANDS, INDIA REGION",12.6084,93.2388,59160,4.4,mb
237,2020,5,29,0,30,29.3,"ANDAMAN ISLANDS, INDIA REGION",11.7257,92.3273,10000,4.5,mb
238,2020,5,25,14,42,17.2,MYANMAR-INDIA BORDER REGION,24.3907,93.921,55150,5.2,mb
239,2020,5,23,9,11,36.8,"ANDAMAN ISLANDS, INDIA REGION",14.0613,94.01,74020,4.7,mb
240,2020,5,22,19,43,8.3,"ANDAMAN ISLANDS, INDIA REGION",11.3192,93.5383,103130,4.3,mb
241,2020,5,17,5,22,9.1,EASTERN XIZANG-INDIA BORDER REG.,29.9346,94.9732,10000,4.6,mb
242,2020,5,17,4,32,15.4,MYANMAR,20.5275,96.0814,10000,4.6,mb
243,2020,5,11,22,39,35.5,MYANMAR-INDIA BORDER REGION,24.8084,94.1112,63540,4.6,mb
244,2020,5,6,11,26,53.4,NEAR SOUTH COAST OF MYANMAR,16.6323,94.4495,14920,4.1,mb
245,2020,5,5,22,15,4.1,MYANMAR,20.9941,94.4334,83340,4.1,mb
246,2020,4,27,19,54,31.1,"ANDAMAN ISLANDS, INDIA REGION",12.1157,92.936,32590,4.4,mb
247,2020,4,24,5,15,21.2,MYANMAR,24.0324,95.8305,10000,4.6,mb
248,2020,4,22,18,47,0.2,MYANMAR,17.0062,96.2746,10000,3.1,ML
249,2020,4,20,5,19,15.4,MYANMAR,17.3704,95.1694,64380,4.2,mb
250,2020,4,17,10,59,11.3,EASTERN XIZANG-INDIA BORDER REG.,28.1205,93.9189,10000,4.1,mb
251,2020,4,16,11,45,24,MYANMAR,22.7822,94.0248,10000,5.9,mww
252,2020,4,15,19,36,20.9,MYANMAR,20.5448,93.6698,10000,4.2,mb
253,2020,4,13,17,34,3.9,"ANDAMAN ISLANDS, INDIA REGION",12.0153,92.9576,38000,4.3,mb
254,2020,4,7,10,39,2.2,EASTERN XIZANG-INDIA BORDER REG.,29.2723,95.1896,10000,4.4,mb
255,2020,4,5,17,50,30.5,NORTHEASTERN INDIA,26.4085,92.7724,46310,4.5,mb
256,2020,4,2,17,35,32.1,MYANMAR,26.1416,97.037,10000,4.2,mb
257,2020,3,7,4,5,43,MYANMAR,23.2305,96.1055,10000,4.5,mb
258,2020,3,5,6,59,54.5,MYANMAR,25.8362,96.7751,10000,4.5,mb
259,2020,3,4,0,20,3.2,MYANMAR,24.4202,96.1023,10000,4.8,mb
260,2020,3,3,9,18,50.4,MYANMAR,17.6247,94.3051,10000,4.9,mb
261,2020,2,29,20,5,26.9,NORTHEASTERN INDIA,26.4904,92.1052,45390,4.2,mb
262,2020,2,28,18,12,56.6,MYANMAR-CHINA BORDER REGION,21.1315,101.8877,18240,4,mb
263,2020,2,25,6,16,20.9,BANGLADESH,24.5467,90.1767,10000,4,mb
264,2020,2,15,8,12,18.5,MYANMAR-INDIA BORDER REGION,22.5718,93.5958,47140,4.2,mb
265,2020,2,12,19,17,55.1,"ANDAMAN ISLANDS, INDIA REGION",10.5177,94.0622,10000,4.3,mb
266,2020,2,11,17,52,42.3,MYANMAR,17.6453,94.317,10000,4.6,mb
267,2020,2,10,18,20,9.3,"ANDAMAN ISLANDS, INDIA REGION",13.1329,93.2938,39600,4.9,mb
268,2020,2,9,19,37,29.4,MYANMAR-INDIA BORDER REGION,23.05,94.8537,134310,4.2,mb
269,2020,2,9,19,10,46.7,MYANMAR,20.5392,93.8715,51000,4.6,mb
270,2020,2,9,8,48,50.6,"ANDAMAN ISLANDS, INDIA REGION",12.8396,92.6303,10000,4.4,mb
271,2020,2,8,12,47,1.9,NORTHEASTERN INDIA,26.3386,90.7847,10000,5,mb
272,2020,2,7,11,0,40.2,"ANDAMAN ISLANDS, INDIA REGION",11.1226,93.5748,130900,4.4,mb
273,2020,2,4,18,26,20.9,MYANMAR,21.7325,94.6242,90290,4.1,mb
274,2020,2,4,14,10,23.6,MYANMAR,19.7608,95.8596,10000,4.4,mb
275,2020,2,1,9,43,55.8,EASTERN XIZANG-INDIA BORDER REG.,28.9807,95.7207,10000,4.9,mb
276,2020,1,31,10,55,21.1,MYANMAR-CHINA BORDER REGION,24.7892,98.0194,10000,4.5,mb
277,2020,1,29,21,45,34.5,XIZANG,28.7675,91.7966,10000,4.5,mb
278,2020,1,29,15,10,53.2,"ANDAMAN ISLANDS, INDIA REGION",10.3105,93.7827,10000,5,mb
279,2020,1,29,13,43,5.7,MYANMAR-INDIA BORDER REGION,24.4383,94.9928,115320,4.3,mb
280,2020,1,27,7,10,39.7,INDIA-BANGLADESH BORDER REGION,24.7732,91.7364,10000,4.5,mb
281,2020,1,23,9,48,5.8,MYANMAR,20.4368,93.378,31810,4.9,Mww
282,2020,1,22,21,26,25.8,"YUNNAN, CHINA",23.3834,101.9842,10000,4,mb
283,2020,1,14,1,24,58.6,MYANMAR-INDIA BORDER REGION,23.6781,94.5148,94420,4.3,mb
284,2020,1,3,1,56,44.8,XIZANG,28.8329,91.973,10000,4.2,mb
285,2019,12,25,7,4,18.9,MYANMAR,23.6437,95.9931,10000,4.6,mb
286,2019,12,22,14,59,31.5,MYANMAR-INDIA BORDER REGION,23.6325,94.1432,10000,4.1,mb
287,2019,12,16,3,10,30.2,MYANMAR-INDIA BORDER REGION,24.0847,93.875,55370,4.4,mb
288,2019,12,15,3,53,33,MYANMAR,24.9171,95.0882,110850,4.4,mb
289,2019,12,10,16,2,54.8,"YUNNAN, CHINA",25.0212,99.3544,10000,4.5,mb
290,2019,12,7,3,25,6.7,MYANMAR,19.9237,94.3299,66450,4.1,mb
291,2019,12,2,1,12,44.5,MYANMAR-INDIA BORDER REGION,23.0905,93.6727,53480,4.6,mb
292,2019,11,29,17,50,18.5,"ANDAMAN ISLANDS, INDIA REGION",13.7191,93.4256,53310,4.9,mb
293,2019,11,28,23,50,28.9,LAOS,19.5855,101.0866,10000,4.5,mb
294,2019,11,28,14,39,15.4,MYANMAR,23.1379,96.0191,21640,5.2,Mww
295,2019,11,27,10,7,13.4,"ANDAMAN ISLANDS, INDIA REGION",14.2308,93.0511,10000,4.5,mb
296,2019,11,26,11,5,57.5,MYANMAR,19.241,94.9451,59760,5.4,Mww
297,2019,11,26,9,36,12.8,MYANMAR,19.2065,95.0277,78150,4.7,mb
298,2019,11,26,3,53,46.7,MYANMAR-INDIA BORDER REGION,24.155,94.3136,70190,4.5,mb
299,2019,11,25,6,58,40.6,LAOS,19.4339,101.0659,10000,4,mb
300,2019,11,24,17,2,35.4,"YUNNAN, CHINA",26.2667,100.1075,10000,4.4,mb
301,2019,11,23,22,43,46.4,MYANMAR,24.9318,96.3511,10000,4.1,mb
302,2019,11,21,14,11,9.8,NORTHEASTERN INDIA,26.1761,91.2295,48090,4.2,mb
303,2019,11,21,1,14,43,LAOS,19.3963,101.3651,10000,4.5,mb
304,2019,11,21,0,57,15.3,LAOS,19.2874,101.4205,10000,4.6,mb
305,2019,11,20,23,50,44,LAOS,19.4533,101.3558,10000,6.2,Mww
306,2019,11,20,21,19,24.4,LAOS,19.3945,101.3767,10000,4.5,mb
307,2019,11,20,21,3,57.8,LAOS,19.4452,101.2534,10000,5.7,Mww
308,2019,11,20,14,6,55.8,"ANDAMAN ISLANDS, INDIA REGION",10.9861,95.15,10000,4.6,mb
309,2019,11,18,20,14,19.8,"SICHUAN, CHINA",28.3132,100.7915,10000,4.6,mb
310,2019,11,17,23,5,55.7,"ANDAMAN ISLANDS, INDIA REGION",11.2863,92.9571,53390,5.1,mb
311,2019,11,13,13,10,54.9,NORTHEASTERN INDIA,26.1728,93.3051,51250,4.7,mb
312,2019,11,12,15,24,18.3,NEAR SOUTH COAST OF MYANMAR,16.7637,96.1838,10000,3.8,mb
313,2019,10,22,1,30,40.6,MYANMAR,19.2466,95.6925,10000,4.9,mb
314,2019,10,20,13,12,17.2,MYANMAR,25.2929,96.9871,10000,4.3,mb
315,2019,10,19,13,35,36.9,MYANMAR-INDIA BORDER REGION,22.5731,93.3104,45240,4.3,mb
316,2019,10,18,16,48,10.2,MYANMAR-INDIA BORDER REGION,23.1641,94.2177,76270,4.9,mb
317,2019,10,18,14,46,26.5,THAILAND,18.8969,99.2514,10000,3.8,ML
318,2019,10,16,18,45,43,MYANMAR-INDIA BORDER REGION,23.1646,94.2211,79560,4.4,mb
319,2019,10,12,6,50,56.1,"ANDAMAN ISLANDS, INDIA REGION",13.3676,93.5713,63940,4.4,mb
320,2019,10,7,12,35,46.5,BHUTAN,27.4049,91.3314,10000,4.7,mb
321,2019,10,3,6,24,43.4,MYANMAR-INDIA BORDER REGION,24.8673,94.101,59340,4.8,mb
322,2019,9,29,9,2,11.9,"ANDAMAN ISLANDS, INDIA REGION",10.9759,91.65,10000,4.7,mb
323,2019,9,26,19,31,59.6,"ANDAMAN ISLANDS, INDIA REGION",10.7932,91.6736,10000,4.2,mb
324,2019,9,26,19,15,33.2,"ANDAMAN ISLANDS, INDIA REGION",10.8407,91.6606,10000,4.7,mb
325,2019,9,23,9,36,25.7,EASTERN XIZANG-INDIA BORDER REG.,29.4378,95.1241,10000,4.3,mb
326,2019,9,22,2,31,24.6,MYANMAR-INDIA BORDER REGION,24.2531,93.6675,64230,4.5,mb
327,2019,9,16,18,49,44.1,"ANDAMAN ISLANDS, INDIA REGION",14.0514,93.5854,35000,4,mb
328,2019,9,11,15,40,17.2,"ANDAMAN ISLANDS, INDIA REGION",10.9512,91.8646,24990,4.6,mb
329,2019,9,10,20,18,44.6,NEAR SOUTH COAST OF MYANMAR,16.2305,95.0566,10000,4.6,mb
330,2019,9,6,10,9,48.8,MYANMAR,21.184,94.6497,98860,4.8,mb
331,2019,9,3,19,18,39.6,MYANMAR-INDIA BORDER REGION,25.0893,95.0376,87470,4.5,mb
332,2019,8,31,15,9,21.8,MYANMAR,22.7269,95.5099,10000,5.5,Mww
333,2019,8,28,13,40,6.1,"ANDAMAN ISLANDS, INDIA REGION",13.1,93.2394,47750,5,Mww
334,2019,8,26,2,49,16.7,MYANMAR,26.4642,96.1069,105630,4.7,mb
335,2019,8,18,6,28,34.7,MYANMAR-INDIA BORDER REGION,24.0196,93.858,63380,5,mb
336,2019,8,18,3,38,15.5,MYANMAR,18.4696,94.6056,54990,4.7,mb
337,2019,8,18,3,24,21.9,MYANMAR,18.4733,94.5394,26140,5.2,Mww
338,2019,8,5,9,43,3.3,MYANMAR,25.6958,96.6601,10000,4.7,mb
339,2019,8,4,1,26,14.6,"ANDAMAN ISLANDS, INDIA REGION",11.9126,95.0085,10000,5,mb
340,2019,8,4,0,10,32.3,MYANMAR-INDIA BORDER REGION,24.7977,94.315,48600,4,mb
341,2019,8,3,12,19,16.7,MYANMAR,25.2858,96.8919,10000,4.8,mb
342,2019,8,2,14,37,38.1,MYANMAR-INDIA BORDER REGION,23.6285,94.6485,94550,4.6,mb
343,2019,8,1,0,43,18.7,"ANDAMAN ISLANDS, INDIA REGION",14.1694,93.4565,10000,4.5,mb
344,2019,7,24,10,31,13.5,MYANMAR,24.8601,95.1097,120670,4,mb
345,2019,7,21,12,23,29.9,"YUNNAN, CHINA",26.2685,100.6661,10000,4.8,mb
346,2019,7,19,22,54,24.7,EASTERN XIZANG-INDIA BORDER REG.,27.7329,92.804,10000,4.9,Mww
347,2019,7,19,9,52,2.2,EASTERN XIZANG-INDIA BORDER REG.,27.7288,92.7725,10000,4.7,mb
348,2019,7,19,9,22,15.6,EASTERN XIZANG-INDIA BORDER REG.,27.7066,92.8088,16810,5.5,Mww
349,2019,7,17,16,55,35.3,"ANDAMAN ISLANDS, INDIA REGION",11.8542,94.8332,10000,4.9,mb
350,2019,7,13,15,8,59.2,MYANMAR-INDIA BORDER REGION,24.9048,94.6999,71280,4.3,mb
351,2019,7,5,4,46,31.3,BAY OF BENGAL,18.6186,92.8565,10000,4.7,mb
352,2019,7,5,2,11,51.3,BAY OF BENGAL,18.5189,92.7871,10000,4.8,mb
353,2019,7,2,0,8,32.9,NORTHEASTERN INDIA,27.7834,94.8947,10000,4.4,mb
354,2019,6,24,13,24,22.5,"YUNNAN, CHINA",25.0092,101.5906,10000,4.8,mb
355,2019,6,23,2,35,14.5,"ANDAMAN ISLANDS, INDIA REGION",10.0265,93.88,35000,4.3,mb
356,2019,6,21,16,42,25.1,MYANMAR-INDIA BORDER REGION,25.812,95.8922,132990,4.2,mb
357,2019,6,17,22,19,59.5,"ANDAMAN ISLANDS, INDIA REGION",12.1229,92.709,30000,4.9,mb
358,2019,6,15,6,23,19.7,BAY OF BENGAL,17.0952,93.9096,10000,4,mb
359,2019,6,4,13,27,34,MYANMAR-INDIA BORDER REGION,25.0414,94.8689,65320,4.6,mb
360,2019,5,29,1,54,23.8,MYANMAR-INDIA BORDER REGION,23.9515,94.7518,95690,4.5,mb
361,2019,5,24,23,19,53.4,"ANDAMAN ISLANDS, INDIA REGION",10.8163,91.6187,10000,4.7,mb
362,2019,5,24,21,23,35.1,"ANDAMAN ISLANDS, INDIA REGION",13.8738,92.9593,10000,5,mb
363,2019,5,24,20,44,37.4,"ANDAMAN ISLANDS, INDIA REGION",10.6348,91.4341,25680,4.2,mb
364,2019,5,22,12,55,53.7,MYANMAR-INDIA BORDER REGION,25.0456,95.2138,95780,4.4,mb
365,2019,5,22,0,39,34.9,"ANDAMAN ISLANDS, INDIA REGION",13.8855,92.9713,29000,5.6,Mww
366,2019,5,15,22,8,19.5,"YUNNAN, CHINA",24.4886,100.0363,10000,4,mb
367,2019,5,7,8,24,12.9,"ANDAMAN ISLANDS, INDIA REGION",10.7841,93.5461,78810,4.6,mb
368,2019,5,6,14,53,18.3,"ANDAMAN ISLANDS, INDIA REGION",12.5345,93.2991,86560,4.4,mb
369,2019,5,6,14,18,26.5,BAY OF BENGAL,19.7263,90.8861,10000,4.9,mb
370,2019,5,4,11,4,1.4,MYANMAR-INDIA BORDER REGION,26.2255,95.7193,89360,5.2,Mww
371,2019,4,29,17,39,44.5,MYANMAR-INDIA BORDER REGION,23.0333,94.8184,133050,4.7,mb
372,2019,4,27,16,47,56.2,MYANMAR,23.8569,95.6844,10000,4.4,mb
373,2019,4,27,6,27,3,NORTHEASTERN INDIA,26.4403,93.0258,43810,4.6,mb
374,2019,4,25,23,37,59.2,MYANMAR,23.5884,95.1868,35380,4.5,mb
375,2019,4,25,18,50,52.9,"ANDAMAN ISLANDS, INDIA REGION",10.9578,91.7043,10000,4.2,mb
376,2019,4,23,20,15,50.8,EASTERN XIZANG-INDIA BORDER REG.,28.414,94.5988,14000,5.9,Mww
377,2019,4,23,14,14,45,"ANDAMAN ISLANDS, INDIA REGION",10.2274,92.4997,35000,4.5,mb
378,2019,4,15,13,33,49.3,"ANDAMAN ISLANDS, INDIA REGION",12.4345,93.5064,105870,4.2,mb
379,2019,4,15,1,39,45.8,MYANMAR-INDIA BORDER REGION,22.7481,93.4162,56210,4.6,mb
380,2019,4,13,23,2,50.5,"ANDAMAN ISLANDS, INDIA REGION",14.069,93.1441,10000,4.5,mb
381,2019,4,12,11,23,0,"ANDAMAN ISLANDS, INDIA REGION",11.8499,92.8553,48740,4.7,mb
382,2019,4,12,1,56,59.7,"ANDAMAN ISLANDS, INDIA REGION",10.5622,93.7769,10000,4.2,mb
383,2019,4,8,1,54,52.3,"ANDAMAN ISLANDS, INDIA REGION",13.1345,95.4198,10000,5.1,Mww
384,2019,4,4,7,45,30.4,MYANMAR-INDIA BORDER REGION,25.4467,94.4235,61780,5.1,Mww
385,2019,3,28,3,8,13.5,"ANDAMAN ISLANDS, INDIA REGION",11.168,95.1437,10000,5.2,mb
386,2019,3,27,16,39,21.6,MYANMAR,18.9397,94.38,52790,4.3,mb
387,2019,3,26,13,52,12.9,MYANMAR,20.6982,93.4157,35000,4.7,mb
388,2019,3,25,20,4,47,MYANMAR-CHINA BORDER REGION,23.4028,98.4577,15590,4.6,mb
389,2019,3,25,12,41,25.5,MYANMAR-INDIA BORDER REGION,24.3073,93.5196,54910,4.6,mb
390,2019,3,25,4,56,41.5,MYANMAR,22.1287,94.167,86040,4.3,mb
391,2019,3,23,11,34,1.6,"ANDAMAN ISLANDS, INDIA REGION",13.9762,93.1001,10000,4.9,Mww
392,2019,3,23,11,29,27.1,"ANDAMAN ISLANDS, INDIA REGION",14.1145,93.0433,10000,5.2,Mww
393,2019,3,21,14,30,54.9,INDIA-BANGLADESH BORDER REGION,25.791,91.0486,10000,4.3,mb
394,2019,3,20,23,37,42.6,MYANMAR-INDIA BORDER REGION,22.8271,93.9612,37590,4.3,mb
395,2019,3,20,10,27,35.2,"ANDAMAN ISLANDS, INDIA REGION",11.9231,92.8488,56990,4.9,mb
396,2019,3,18,16,54,30.6,MYANMAR,21.9349,94.4682,99630,4.6,mb
397,2019,3,16,19,23,40.7,MYANMAR-INDIA BORDER REGION,24.0646,94.6842,96090,4,mb
398,2019,3,13,13,44,4.3,MYANMAR-INDIA BORDER REGION,23.0149,93.9436,79790,4.5,mb
399,2019,3,11,1,14,29,"ANDAMAN ISLANDS, INDIA REGION",11.8129,93.6513,115850,4.5,mb
400,2019,3,7,19,37,22.1,MYANMAR-CHINA BORDER REGION,23.9608,99.3999,10000,4.4,mb
401,2019,3,5,15,34,4.1,MYANMAR-CHINA BORDER REGION,26.5453,98.3488,10690,4.1,mb
402,2019,2,26,4,49,57.9,BANGLADESH,24.0617,90.2952,10000,3.4,mb
403,2019,2,24,17,12,11.4,"ANDAMAN ISLANDS, INDIA REGION",10.2536,93.7785,10000,4.3,mb
404,2019,2,20,9,5,42.3,THAILAND,19.1948,99.615,10000,4.6,mb
405,2019,2,17,8,22,55.8,MYANMAR,18.3005,94.8807,35000,4.1,mb
406,2019,2,17,2,58,32.5,INDIA-BANGLADESH BORDER REGION,22.4139,92.8472,10000,4.8,mb
407,2019,2,15,22,11,33.6,MYANMAR-INDIA BORDER REGION,25.5862,95.6268,48480,4.1,mb
408,2019,2,12,20,21,21.6,"ANDAMAN ISLANDS, INDIA REGION",13.4538,91.7532,10000,4.4,mb
409,2019,2,12,14,49,58.6,MYANMAR-CHINA BORDER REGION,22.8653,101.4423,10340,4.5,mb
410,2019,2,10,3,22,5.4,MYANMAR-INDIA BORDER REGION,27.3345,96.3645,10000,5,Mww
411,2019,2,7,8,49,37,MYANMAR,26.0047,96.8478,10000,4.3,mb
412,2019,2,6,16,21,25.1,MYANMAR-INDIA BORDER REGION,23.8991,94.3292,33810,4.4,mb
413,2019,2,3,17,20,45.4,MYANMAR-INDIA BORDER REGION,24.5236,93.8824,66280,4.5,mb
414,2019,2,2,17,32,35.3,MYANMAR-INDIA BORDER REGION,25.2277,95.2123,101160,4.1,mb
415,2019,2,1,21,26,10.2,"YUNNAN, CHINA",27.3105,100.8861,10000,4.3,mb
416,2019,1,30,23,12,59.5,MYANMAR-INDIA BORDER REGION,23.9792,94.4999,82030,4,mb
417,2019,1,28,3,52,40.4,MYANMAR,18.2723,96.0937,32830,4.5,mb
418,2019,1,27,23,45,56.8,MYANMAR-INDIA BORDER REGION,24.4032,94.0239,65340,4.7,mb
419,2019,1,27,4,49,20.5,MYANMAR-INDIA BORDER REGION,24.8046,94.3026,67970,4.7,mb
420,2019,1,25,17,7,8.5,MYANMAR-INDIA BORDER REGION,24.3098,93.8919,55870,4.6,mb
421,2019,1,16,21,39,35.5,MYANMAR,24.8046,96.3344,10000,4.7,mb
422,2019,1,14,10,54,50.9,MYANMAR-CHINA BORDER REGION,21.3373,101.7416,10000,4.6,mb
423,2019,1,8,0,49,28.4,"YUNNAN, CHINA",28.6268,99.2729,10000,4.1,mb
424,2019,1,7,17,15,44.4,"YUNNAN, CHINA",26.7955,99.4683,10000,4.5,mb
425,2019,1,6,14,46,34.8,"YUNNAN, CHINA",23.0787,101.0628,14950,4.4,mb
426,2018,12,31,13,33,11.7,MYANMAR,21.8261,93.5644,57570,4.2,mb
427,2018,12,30,15,39,19.8,THAILAND,14.8932,99.1007,10000,4.3,mb
428,2018,12,27,16,46,9.3,"ANDAMAN ISLANDS, INDIA REGION",12.8155,93.5007,75110,4.4,mb
429,2018,12,27,0,35,50.4,MYANMAR-INDIA BORDER REGION,23.3862,94.5614,90960,5,mb
430,2018,12,23,20,32,19.7,MYANMAR,26.4496,96.6002,115700,4.7,mb
431,2018,12,23,11,21,0.1,MYANMAR-INDIA BORDER REGION,27.4151,96.382,10000,4.3,mb
432,2018,12,13,15,39,45.2,XIZANG,29.6624,98.825,22780,4.7,mb
433,2018,12,13,15,32,55.4,XIZANG,29.7228,98.7619,34870,5,mb
434,2018,12,1,15,7,26.6,EASTERN XIZANG-INDIA BORDER REG.,28.0036,92.6174,10000,4.8,mb
435,2018,11,29,3,57,37.2,MYANMAR-INDIA BORDER REGION,23.5476,94.32,83340,4.5,mb
436,2018,11,28,10,17,7,MYANMAR-INDIA BORDER REGION,27.1986,96.9185,11000,5.4,Mww
437,2018,11,24,21,3,22.3,MYANMAR-INDIA BORDER REGION,27.3188,97.1847,10000,4.3,mb
438,2018,11,20,17,49,19.9,MYANMAR,20.2418,93.6524,44840,4.5,mb
439,2018,11,19,19,3,6.3,MYANMAR-INDIA BORDER REGION,23.3813,94.3227,10000,4.3,mb
440,2018,11,19,4,7,54,MYANMAR,21.5181,94.3974,77050,4.9,mb
441,2018,11,10,17,15,46.6,MYANMAR-INDIA BORDER REGION,23.9634,93.3951,51070,5.2,Mww
442,2018,11,6,22,50,42.4,MYANMAR-INDIA BORDER REGION,24.3266,94.3004,64400,4.2,mb
443,2018,11,5,19,48,36.2,MYANMAR,19.9145,95.4886,10000,4.6,mb
444,2018,10,27,9,16,44.2,MYANMAR,19.0776,95.6267,10000,4.9,mb
445,2018,10,26,20,49,52,MYANMAR,24.716,95.2351,115360,4.3,mb
446,2018,10,10,10,28,4.6,MYANMAR,19.0329,95.6084,10000,5.1,mb
447,2018,10,4,13,29,18.7,MYANMAR,19.4562,96.4059,50520,4.5,mb
448,2018,10,1,13,24,44.8,"ANDAMAN ISLANDS, INDIA REGION",12.9046,92.2347,25650,5.1,mb
449,2018,9,29,8,18,0.7,"ANDAMAN ISLANDS, INDIA REGION",10.4733,91.652,10000,4.1,mb
450,2018,9,25,20,51,4.8,MYANMAR-INDIA BORDER REGION,24.2458,93.913,57720,4.2,mb
451,2018,9,25,3,47,30.3,NORTHEASTERN INDIA,26.0845,90.9276,10000,4.3,mb
452,2018,9,12,4,50,46.7,NORTHEASTERN INDIA,26.374,90.1647,10000,5.3,Mww
453,2018,9,10,16,57,40.4,MYANMAR-INDIA BORDER REGION,23.1619,94.6759,100510,4.4,mb
454,2018,9,8,11,36,46.2,MYANMAR,19.0589,95.7362,10000,4.5,mb
455,2018,9,8,2,36,0,"YUNNAN, CHINA",23.2765,101.5399,10000,4.6,mb
456,2018,9,8,2,31,30.7,"YUNNAN, CHINA",23.3322,101.5775,8000,5.7,Mww
457,2018,9,1,19,19,46.6,MYANMAR,24.7558,95.3651,149330,4.6,mb
458,2018,8,24,12,18,7.8,"ANDAMAN ISLANDS, INDIA REGION",10.7666,91.6059,10000,4.5,mb
459,2018,8,24,10,49,27.3,"ANDAMAN ISLANDS, INDIA REGION",10.5721,91.7204,10000,5.5,mb
460,2018,8,18,12,3,49.5,MYANMAR-INDIA BORDER REGION,24.6758,94.7739,85000,4.5,mb
461,2018,8,17,19,4,19.8,INDIA-BANGLADESH BORDER REGION,25.6343,90.9167,10000,3.9,mb
462,2018,8,16,11,55,19.5,MYANMAR-INDIA BORDER REGION,24.005,94.7693,97440,4.7,mb
463,2018,8,16,6,50,11.9,NEAR SOUTH COAST OF MYANMAR,16.0979,96.5102,10000,4.3,mb
464,2018,8,13,16,7,11.4,"ANDAMAN ISLANDS, INDIA REGION",14.0665,93.2233,30480,4.9,mb
465,2018,8,11,10,4,15.1,NORTHEASTERN INDIA,26.7933,90.9506,10000,3.8,mb
466,2018,8,7,21,39,50.8,MYANMAR,24.005,96.1862,10000,4.4,mb
467,2018,7,30,21,23,29.3,XIZANG,29.405,90.3333,19780,4,mb
468,2018,7,28,0,49,16.4,MYANMAR,24.9529,95.2068,143190,4,mb
469,2018,7,17,14,42,22.1,"ANDAMAN ISLANDS, INDIA REGION",10.9238,91.8114,10000,4.6,mb
470,2018,7,13,12,7,58.8,MYANMAR,18.9645,94.8726,10000,4.7,mb
471,2018,7,10,7,36,30.9,"ANDAMAN ISLANDS, INDIA REGION",12.9343,93.4058,79640,4.5,mb
472,2018,7,4,20,34,52.1,"ANDAMAN ISLANDS, INDIA REGION",14.5383,96.4654,10420,5.1,Mww
473,2018,7,4,17,54,56.3,"ANDAMAN ISLANDS, INDIA REGION",11.353,93.0778,94870,4,mb
474,2018,7,4,11,8,16,NEAR SOUTH COAST OF MYANMAR,15.5507,94.3396,29610,4.5,mb
475,2018,7,4,7,12,50.4,"ANDAMAN ISLANDS, INDIA REGION",13.1567,92.5196,30860,5.3,mb
476,2018,7,3,23,55,23.5,"ANDAMAN ISLANDS, INDIA REGION",13.276,93.5947,74650,4.4,mb
477,2018,7,1,15,10,37.4,MYANMAR,20.2592,97.9109,10000,4.6,mb
478,2018,6,28,19,3,21.9,"ANDAMAN ISLANDS, INDIA REGION",14.0705,92.8391,27050,4.4,mb
479,2018,6,27,22,46,5.9,MYANMAR,18.9526,94.7924,10000,4.4,mb
480,2018,6,27,13,2,31.4,MYANMAR,19.8314,96.1403,10000,4.7,mb
481,2018,6,26,0,2,16.5,MYANMAR,22.2092,95.0342,21810,4.6,mb
482,2018,6,24,11,7,47.1,MYANMAR-INDIA BORDER REGION,23.7162,94.856,121130,4.3,mb
483,2018,6,21,3,31,23.8,MYANMAR-INDIA BORDER REGION,24.0148,93.8243,55780,4.4,mb
484,2018,6,20,19,4,15.8,"ANDAMAN ISLANDS, INDIA REGION",10.1921,93.0909,70720,4.5,mb
485,2018,6,20,7,44,26.8,MYANMAR-INDIA BORDER REGION,24.6425,94.3303,65090,4.5,mb
486,2018,6,19,11,6,26.3,MYANMAR,21.9448,94.1572,84270,4.3,mb
487,2018,6,18,13,56,48.2,NEAR SOUTH COAST OF MYANMAR,16.4057,96.334,67790,4.3,mb
488,2018,6,17,13,42,37.9,MYANMAR,18.3769,96.1758,24310,4.6,mb
489,2018,6,17,13,21,30.2,MYANMAR,18.2858,96.079,10000,5,Mww
490,2018,6,12,13,8,45.4,MYANMAR,26.3289,96.4714,116860,4.2,mb
491,2018,6,11,4,53,45.6,NORTHEASTERN INDIA,26.3848,92.6624,10000,4.9,mb
492,2018,6,10,22,38,27.4,"ANDAMAN ISLANDS, INDIA REGION",13.5505,92.9769,22790,4.5,mb
493,2018,6,5,23,12,32.3,MYANMAR-INDIA BORDER REGION,23.8585,94.4873,82010,4.7,mb
494,2018,6,5,16,33,54.7,MYANMAR,24.5969,95.1002,110910,4.8,mb
495,2018,6,2,5,46,7.9,MYANMAR-INDIA BORDER REGION,27.1804,97.0125,46040,4.9,Mww
496,2018,5,26,23,42,23.7,MYANMAR,22.9983,94.5796,96350,4.5,mb
497,2018,5,25,20,25,46.3,NORTHEASTERN INDIA,26.3926,93.5059,49170,4,mb
498,2018,5,25,17,41,54.1,"ANDAMAN ISLANDS, INDIA REGION",10.8902,93.6517,140200,4.7,mb
499,2018,5,22,16,58,31.2,MYANMAR-CHINA BORDER REGION,22.2389,100.9995,10000,3.4,ML
500,2018,5,21,13,20,31.6,MYANMAR-CHINA BORDER REGION,21.8982,100.8033,10000,3.9,mb
501,2018,5,19,23,12,37.8,MYANMAR-CHINA BORDER REGION,21.7974,100.8135,10000,4.2,mb
502,2018,5,6,13,37,26.5,MYANMAR,24.6396,96.0213,40780,4.6,mb
503,2018,4,29,17,58,57.3,MYANMAR,21.1341,94.4582,90500,4.5,mb
504,2018,4,27,3,18,43.7,MYANMAR,21.8382,94.8345,124830,4.3,mb
505,2018,4,24,12,23,34.1,MYANMAR,18.3457,96.1139,10000,5.1,mb
506,2018,4,24,4,8,35.7,MYANMAR,22.9411,94.617,107910,5.2,Mww
507,2018,4,24,1,15,43.6,"ANDAMAN ISLANDS, INDIA REGION",11.0716,93.5682,97560,4.4,mb
508,2018,4,23,18,1,26.5,"ANDAMAN ISLANDS, INDIA REGION",13.1779,92.3513,26740,4.9,mb
509,2018,4,22,18,31,43.6,MYANMAR,18.2489,96.0331,10000,4.9,mb
510,2018,4,21,22,41,11.4,MYANMAR,18.3529,96.0939,10000,4.7,mb
511,2018,4,20,22,29,24.5,MYANMAR,18.3221,96.1596,17070,5,Mww
512,2018,4,20,8,28,1.5,MYANMAR-INDIA BORDER REGION,25.2066,95.4783,147110,4.3,mb
513,2018,4,20,4,16,5.6,MYANMAR,18.3761,96.1729,35360,4.9,mb
514,2018,4,18,7,55,36.3,NEAR SOUTH COAST OF MYANMAR,16.7503,95.8211,10000,4.2,mb
515,2018,4,16,13,32,33.7,NEAR SOUTH COAST OF MYANMAR,16.1491,95.6887,10000,3.4,ML
516,2018,4,15,14,27,50.2,NEAR SOUTH COAST OF MYANMAR,16.1711,95.7135,10000,3.4,ML
517,2018,4,14,22,27,32.5,NEAR SOUTH COAST OF MYANMAR,16.1878,95.7911,10000,4.1,mb
518,2018,4,9,23,11,38.1,"ANDAMAN ISLANDS, INDIA REGION",13.8976,92.8286,28810,4,mb
519,2018,4,8,17,40,9.3,MYANMAR,22.6019,96.0753,10000,4.5,mb
520,2018,4,4,15,21,23.5,MYANMAR,24.8388,95.3185,126840,4.6,mb
521,2018,4,3,16,59,30,EASTERN XIZANG-INDIA BORDER REG.,29.8972,95.0012,25590,4.1,mb
522,2018,4,2,11,42,10.9,MYANMAR,26.4448,96.9676,10000,4.9,mb
523,2018,3,30,22,33,27.4,INDIA-BANGLADESH BORDER REGION,22.1644,92.8036,32090,4.1,mb
524,2018,3,24,18,41,29.1,MYANMAR,21.7769,94.8224,117980,4.2,mb
525,2018,3,17,19,59,3.9,MYANMAR,18.3849,96.151,19050,5.1,mb
526,2018,3,16,19,58,33.8,"ANDAMAN ISLANDS, INDIA REGION",12.5671,93.7551,109070,4.3,mb
527,2018,3,15,17,7,5.6,"ANDAMAN ISLANDS, INDIA REGION",11.9132,92.2633,42360,4.3,mb
528,2018,3,15,16,58,20.6,MYANMAR-INDIA BORDER REGION,23.6264,94.7092,107240,4.3,mb
529,2018,3,15,2,26,5.6,MYANMAR-INDIA BORDER REGION,24.4242,93.5687,55550,4.5,mb
530,2018,3,9,22,8,42.2,MYANMAR-CHINA BORDER REGION,23.5922,98.4028,28090,4.3,mb
531,2018,3,7,21,13,8,MYANMAR,19.8317,95.9379,10000,4.8,Mww
532,2018,3,7,20,51,53.1,MYANMAR-CHINA BORDER REGION,23.9381,98.4183,10000,4.4,mb
533,2018,3,4,10,48,10.2,MYANMAR,18.4234,96.1598,10000,4.9,mb
534,2018,2,20,14,9,57.9,"YUNNAN, CHINA",24.4632,100.8439,10000,4.7,mb
535,2018,2,20,8,12,13.4,MYANMAR-INDIA BORDER REGION,22.5842,93.3372,37690,4.3,mb
536,2018,2,18,20,33,29.4,MYANMAR-INDIA BORDER REGION,24.5258,94.3633,49300,4.1,mb
537,2018,2,14,7,14,1.7,MYANMAR,18.724,95.2511,81370,4.7,mb
538,2018,2,13,2,39,53.8,"ANDAMAN ISLANDS, INDIA REGION",12.3644,93.1316,69370,5.6,mb
539,2018,2,9,18,4,25.6,MYANMAR,18.2178,96.1961,20860,4.3,mb
540,2018,2,9,14,58,5.9,MYANMAR-CHINA BORDER REGION,22.2796,100.9456,10000,4.6,mb
541,2018,2,9,4,41,43.5,MYANMAR,18.2133,94.2882,28720,4.2,mb
542,2018,2,7,16,38,1.6,MYANMAR,18.1755,96.1481,10000,4.1,mb
543,2018,2,5,16,55,35.1,MYANMAR,18.2777,96.234,10000,4.6,mb
544,2018,2,4,8,42,2.5,NEAR SOUTH COAST OF MYANMAR,16.2174,96.5388,10000,4.1,mb
545,2018,2,3,15,29,10.6,MYANMAR,20.5966,99.5264,10000,4.6,mb
546,2018,1,24,19,21,38.4,MYANMAR,22.8042,94.4713,105170,4.6,mb
547,2018,1,24,11,1,46.4,"ANDAMAN ISLANDS, INDIA REGION",14.6681,92.6095,10000,4.3,mb
548,2018,1,22,7,37,59.4,MYANMAR,18.3094,96.1023,10000,4.7,mb
549,2018,1,20,10,6,47.4,MYANMAR-INDIA BORDER REGION,23.9745,94.6915,86780,4.2,mb
550,2018,1,18,2,3,30.3,MYANMAR-INDIA BORDER REGION,25.2304,95.0332,83690,4.5,mb
551,2018,1,16,11,23,2.2,MYANMAR-INDIA BORDER REGION,24.6115,94.973,98450,4,mb
552,2018,1,14,17,49,55.2,MYANMAR,18.3202,96.0978,10000,4.7,mb
553,2018,1,14,15,48,9.6,"ANDAMAN ISLANDS, INDIA REGION",12.1779,92.4336,32950,4.7,mb
554,2018,1,13,23,29,46.5,MYANMAR,18.3744,96.1047,10000,4.6,mb
555,2018,1,13,13,51,14.8,MYANMAR,18.4992,96.215,10000,4.4,mb
556,2018,1,13,8,19,47.4,NEAR SOUTH COAST OF MYANMAR,16.618,95.9378,10000,3.8,ML
557,2018,1,12,15,23,55.6,MYANMAR,18.3661,96.2332,10000,4.8,mb
558,2018,1,12,7,29,48.9,MYANMAR,24.9159,95.2518,128710,4.3,mb
559,2018,1,12,4,16,6.4,MYANMAR,18.4289,96.161,27160,4.4,mb
560,2018,1,11,22,30,43.3,MYANMAR,18.3209,96.0559,10000,4.3,mb
561,2018,1,11,20,8,41.1,MYANMAR,18.5367,96.1052,10000,4.6,mb
562,2018,1,11,18,55,4.8,MYANMAR,18.3474,96.0167,10000,4.7,mb
563,2018,1,11,18,53,5.3,MYANMAR,18.4277,96.1267,10000,4.6,mb
564,2018,1,11,18,43,59.7,MYANMAR,18.4199,96.0708,10000,4.9,Mww
565,2018,1,11,18,42,59.5,MYANMAR,18.4508,96.1678,10000,5.2,mb
566,2018,1,11,18,38,12,MYANMAR,18.3206,96.0997,10000,4.9,Mww
567,2018,1,11,18,28,38.4,MYANMAR,18.4229,95.9558,10000,5.2,mb
568,2018,1,11,18,26,24.2,MYANMAR,18.3629,96.0776,9000,6,Mww
569,2018,1,7,6,47,14.5,MYANMAR-INDIA BORDER REGION,24.7542,94.9091,23770,5.5,Mww
570,2018,1,6,22,56,57.3,MYANMAR,17.6825,94.4005,36260,4.1,mb
571,2018,1,4,15,0,40.4,MYANMAR,24.9808,96.4161,61110,4.4,mb
572,2018,1,3,21,35,36,MYANMAR-CHINA BORDER REGION,23.9454,99.2463,10000,4.6,mb
573,2017,12,29,16,19,14.7,MYANMAR,26.6888,96.0966,79690,4.7,mb
574,2017,12,28,20,23,34.5,MYANMAR,22.0464,94.3909,87590,5,Mww
575,2017,12,27,18,12,31.1,MYANMAR,24.914,96.4579,55030,4.2,mb
576,2017,12,23,20,42,1.7,MYANMAR,25.107,96.4527,10000,4.2,mb
577,2017,12,23,15,45,0.5,MYANMAR-INDIA BORDER REGION,23.4302,94.6812,111270,4.6,mb
578,2017,12,22,15,58,49.7,"ANDAMAN ISLANDS, INDIA REGION",10.0394,93.0186,33890,4.8,Mww
579,2017,12,19,17,40,55.6,EASTERN XIZANG-INDIA BORDER REG.,29.964,95.0865,27660,5.1,mb
580,2017,12,17,6,20,42,NORTHEASTERN INDIA,27.6347,94.2519,16380,4.6,mb
581,2017,12,11,16,49,49,"ANDAMAN ISLANDS, INDIA REGION",11.8055,93.8373,136550,4.6,mb
582,2017,12,11,3,35,13.7,INDIA-BANGLADESH BORDER REGION,25.725,90.8605,10000,4.6,mb
583,2017,12,9,11,2,39.6,MYANMAR,25.5484,96.3125,50490,4.3,mb
584,2017,12,5,15,50,58.3,MYANMAR-INDIA BORDER REGION,24.5413,94.6672,80120,4.3,mb
585,2017,12,3,9,47,14.3,MYANMAR,22.3606,94.5037,96760,4.7,mb
586,2017,12,2,19,36,18.4,"ANDAMAN ISLANDS, INDIA REGION",12.1948,95.085,10000,4.4,mb
587,2017,11,25,19,29,47.5,MYANMAR,19.471,94.3463,62540,4.5,mb
588,2017,11,23,7,13,47.2,EASTERN XIZANG-INDIA BORDER REG.,29.9261,95.1799,10000,4.7,mb
589,2017,11,23,2,14,17.3,EASTERN XIZANG-INDIA BORDER REG.,29.8405,95.1719,26350,4.4,mb
590,2017,11,20,8,48,2.2,MYANMAR-INDIA BORDER REGION,23.6935,94.543,97190,4.9,mb
591,2017,11,19,8,52,24.2,EASTERN XIZANG-INDIA BORDER REG.,29.9471,95.4494,10000,4.1,mb
592,2017,11,18,21,24,49.9,EASTERN XIZANG-INDIA BORDER REG.,29.8332,95.0334,10000,4.4,mb
593,2017,11,18,5,59,47.2,EASTERN XIZANG-INDIA BORDER REG.,29.9823,94.9712,26670,4.2,mb
594,2017,11,18,3,36,6,EASTERN XIZANG-INDIA BORDER REG.,29.968,95.2211,10000,4.2,mb
595,2017,11,18,0,32,1.9,EASTERN XIZANG-INDIA BORDER REG.,29.9311,94.8843,10000,5.1,mb
596,2017,11,17,22,34,19.5,EASTERN XIZANG-INDIA BORDER REG.,29.8327,94.9776,8000,6.4,Mww
597,2017,11,15,1,39,21.4,MYANMAR,18.3914,95.1392,10000,4,mb
598,2017,11,12,1,16,56.5,NEAR SOUTH COAST OF MYANMAR,16.3955,95.0669,38250,4,mb
599,2017,11,8,4,50,52.1,INDIA-BANGLADESH BORDER REGION,24.1007,91.2708,29920,4.9,mb
600,2017,11,4,20,29,36.6,MYANMAR,21.8416,95.5762,34870,4.3,mb
601,2017,10,25,18,20,47.8,"ANDAMAN ISLANDS, INDIA REGION",13.7225,92.9359,32740,4.7,mb
602,2017,10,13,1,32,43.4,MYANMAR,22.6636,94.6071,117220,4.1,mb
603,2017,10,12,18,34,12.5,MYANMAR-CHINA BORDER REGION,25.055,97.9054,10000,4,mb
604,2017,10,10,14,42,26.5,"ANDAMAN ISLANDS, INDIA REGION",13.032,93.3537,52750,4.6,mb
605,2017,10,9,19,32,39,"ANDAMAN ISLANDS, INDIA REGION",12.9368,92.4082,32500,4.5,mb
606,2017,10,6,20,59,2.2,"ANDAMAN ISLANDS, INDIA REGION",10.993,94.7616,37830,4.1,mb
607,2017,10,6,14,0,33.1,"ANDAMAN ISLANDS, INDIA REGION",12.0039,95.0977,21820,5.1,Mww
608,2017,10,3,15,20,12.8,MYANMAR,19.0468,94.9727,63450,4.5,mb
609,2017,10,3,13,48,34.4,MYANMAR-INDIA BORDER REGION,25.0388,94.7337,77480,4.5,mb
610,2017,10,2,23,31,42.5,"ANDAMAN ISLANDS, INDIA REGION",12.8533,91.9221,27390,4.7,mb
611,2017,10,2,18,13,51.5,MYANMAR,21.4218,94.5291,96740,4.6,mb
612,2017,10,1,14,35,36.3,"ANDAMAN ISLANDS, INDIA REGION",12.898,92.3426,30370,4.5,mb
613,2017,10,1,12,49,4.1,"ANDAMAN ISLANDS, INDIA REGION",12.7332,91.9129,25970,4.6,mb
614,2017,9,21,16,34,33.2,MYANMAR-INDIA BORDER REGION,24.9962,94.8861,84200,4.4,mb
615,2017,9,17,14,48,11.3,"ANDAMAN ISLANDS, INDIA REGION",12.8183,92.0967,26180,5,mb
616,2017,9,17,10,27,11.8,"ANDAMAN ISLANDS, INDIA REGION",12.7773,92.0628,33350,4.5,mb
617,2017,9,15,22,37,58.2,"ANDAMAN ISLANDS, INDIA REGION",12.8959,91.9514,27420,4.2,mb
618,2017,9,15,1,36,48,MYANMAR,18.8304,94.866,42150,4.8,mb
619,2017,9,12,11,26,46.4,"SICHUAN, CHINA",27.9618,101.7514,35000,4.7,mb
620,2017,9,11,16,44,54.2,"ANDAMAN ISLANDS, INDIA REGION",11.1912,93.763,135460,4.4,mb
621,2017,9,11,13,34,39.6,MYANMAR,22.421,94.6908,111870,4.6,mb
622,2017,9,7,14,32,3.6,INDIA-BANGLADESH BORDER REGION,25.275,90.2279,36670,4.1,mb
623,2017,9,6,0,10,55.8,"ANDAMAN ISLANDS, INDIA REGION",10.2437,93.1611,83980,5,Mww
624,2017,8,23,17,21,17.5,MYANMAR,22.4087,94.6127,109870,4,mb
625,2017,8,21,0,45,19.6,MYANMAR-INDIA BORDER REGION,23.4984,94.4598,89380,4,mb
626,2017,8,17,7,38,33.1,MYANMAR-INDIA BORDER REGION,25.8288,94.5263,61100,4.6,mb
627,2017,8,11,3,34,53.6,"ANDAMAN ISLANDS, INDIA REGION",13.639,92.8043,25230,4.5,mb
628,2017,8,2,18,18,8.4,MYANMAR-INDIA BORDER REGION,24.3205,93.6183,50930,5,Mww
629,2017,7,22,20,6,47.8,MYANMAR-INDIA BORDER REGION,25.1098,94.8989,68660,4,mb
630,2017,7,21,0,23,42.4,INDIA-BANGLADESH BORDER REGION,24.1789,92.2002,38770,4.4,mb
631,2017,7,17,13,23,0.4,MYANMAR,20.9992,93.5667,46160,4.6,mb
632,2017,7,13,22,18,37,"ANDAMAN ISLANDS, INDIA REGION",14.384,93.7029,37990,4.2,mb
633,2017,7,13,5,3,31.8,MYANMAR-INDIA BORDER REGION,23.5329,94.5573,89220,4.8,mb
634,2017,7,10,14,30,42.2,MYANMAR-INDIA BORDER REGION,26.4523,95.3032,138850,4.5,mb
635,2017,7,9,7,59,49.8,EASTERN XIZANG-INDIA BORDER REG.,29.0249,95.7052,19480,4.5,mb
636,2017,7,2,5,27,45.3,MYANMAR-INDIA BORDER REGION,24.3592,94.7001,83620,4.9,mb
637,2017,7,1,7,1,14.6,MYANMAR-INDIA BORDER REGION,23.8429,94.7107,89670,4.6,mb
638,2017,6,24,14,26,44.8,"ANDAMAN ISLANDS, INDIA REGION",10.0742,93.5741,35000,4.4,mb
639,2017,6,20,8,50,40.1,MYANMAR-INDIA BORDER REGION,23.0408,94.4765,94730,4.6,mb
640,2017,6,18,22,35,46.4,MYANMAR-INDIA BORDER REGION,24.6337,93.9778,22070,4.6,mb
641,2017,6,16,21,43,11.2,EASTERN XIZANG-INDIA BORDER REG.,29.9367,95.1768,24750,4.2,mb
642,2017,6,3,2,42,58.2,MYANMAR,24.7698,95.1741,108980,4.1,mb
643,2017,5,30,22,24,43.9,"ANDAMAN ISLANDS, INDIA REGION",10.3004,93.2343,82180,4.4,mb
644,2017,5,29,15,36,53.2,MYANMAR-INDIA BORDER REGION,23.2203,94.9352,107230,4.1,mb
645,2017,5,24,3,16,29.2,BHUTAN,27.5014,90.1596,28960,4.4,mb
646,2017,5,17,17,45,54.8,"ANDAMAN ISLANDS, INDIA REGION",12.7126,93.5971,100980,4.6,mb
647,2017,5,16,14,4,40.1,"ANDAMAN ISLANDS, INDIA REGION",11.4865,95.052,20790,4.6,mb
648,2017,5,6,14,48,51.5,MYANMAR-INDIA BORDER REGION,23.9172,93.9828,68350,4.3,mb
649,2017,5,5,22,10,4.3,LAOS,19.8989,101.5207,16780,4.5,mb
650,2017,5,5,17,58,35.9,"ANDAMAN ISLANDS, INDIA REGION",13.7401,92.548,19130,5,mb
651,2017,4,25,16,14,55.9,INDIA-BANGLADESH BORDER REGION,25.6263,90.8833,31190,4.3,mb
652,2017,4,18,14,1,34.5,INDIA-BANGLADESH BORDER REGION,25.0632,91.6394,34060,4.5,mb
653,2017,4,18,9,13,10.5,LAOS,20.7154,100.0975,10000,4.7,mb
654,2017,4,5,16,44,36.7,"ANDAMAN ISLANDS, INDIA REGION",14.4592,93.0491,31800,5.3,mb
655,2017,3,30,10,34,53.1,MYANMAR,17.1534,95.9052,17730,4.2,mb
656,2017,3,27,1,10,26.1,"YUNNAN, CHINA",25.8994,100.0033,10000,4.1,mb
657,2017,3,26,23,55,6.2,"YUNNAN, CHINA",25.9411,99.8422,27170,5,mb
658,2017,3,26,23,40,34.8,"YUNNAN, CHINA",25.87,99.917,33070,4.6,mb
659,2017,3,25,2,5,56.4,MYANMAR-INDIA BORDER REGION,25.0469,95.0201,104000,4.5,mb
660,2017,3,21,15,40,45.6,INDIA-BANGLADESH BORDER REGION,25.382,92.5637,38660,4.4,mb
661,2017,3,18,15,58,21.6,"ANDAMAN ISLANDS, INDIA REGION",12.91,95.8132,23330,4.4,mb
662,2017,3,17,14,1,43.1,"ANDAMAN ISLANDS, INDIA REGION",11.1741,92.8778,46010,4.8,mb
663,2017,3,14,16,39,56.8,MYANMAR-INDIA BORDER REGION,27.2997,96.7901,54220,4.4,mb
664,2017,3,13,14,19,6.7,MYANMAR,17.3992,95.9996,10000,5.1,mb
665,2017,3,6,21,30,7,MYANMAR-INDIA BORDER REGION,25.1149,95.1428,89950,4.3,mb
666,2017,3,4,2,11,53.8,MYANMAR-INDIA BORDER REGION,25.1865,94.6658,74070,5.1,mb
667,2017,3,3,23,30,3.1,MYANMAR-INDIA BORDER REGION,24.8454,94.5486,65830,4.1,mb
668,2017,3,1,16,21,5.1,"ANDAMAN ISLANDS, INDIA REGION",11.6348,92.1878,32270,4.1,mb
669,2017,3,1,3,16,52.4,"ANDAMAN ISLANDS, INDIA REGION",12.2124,93.2046,67580,4.5,mb
670,2017,2,24,12,2,51.5,MYANMAR-INDIA BORDER REGION,24.1314,93.4958,61720,5,mb
671,2017,2,12,4,5,33.6,INDIA-BANGLADESH BORDER REGION,25.548,91.1035,36940,4.4,mb
672,2017,2,8,20,46,16.7,MYANMAR,22.5372,94.7713,121000,4.5,mb
673,2017,1,21,21,49,18.5,MYANMAR,19.8125,94.7635,71980,4.3,mb
674,2017,1,19,19,18,36.8,EASTERN XIZANG-INDIA BORDER REG.,28.1784,92.6836,40210,4.1,mb
675,2017,1,18,15,42,40.5,"ANDAMAN ISLANDS, INDIA REGION",12.2,94.9698,27490,4.9,mb
676,2017,1,4,14,28,7.8,MYANMAR,22.9682,94.7422,123350,4.6,mb
677,2017,1,4,12,41,18,MYANMAR,22.8948,96.0688,13000,4.2,mb
678,2017,1,3,18,49,53.6,MYANMAR-INDIA BORDER REGION,23.3164,94.5071,89230,5.1,mb
679,2017,1,3,9,9,2.6,INDIA-BANGLADESH BORDER REGION,24.0161,92.0062,36150,5.5,mb
680,2017,1,1,16,54,6.7,MYANMAR,21.1208,98.4506,64290,4.6,mb
681,2016,12,29,5,52,3.9,NEAR SOUTH COAST OF MYANMAR,16.7482,94.12,14890,4.4,mb
682,2016,12,27,21,21,53.7,"ANDAMAN ISLANDS, INDIA REGION",13.341,92.327,28800,4.4,mb
683,2016,12,26,17,25,42,MYANMAR,22.763,94.5877,104090,4.2,mb
684,2016,12,24,23,26,8.6,"SICHUAN, CHINA",28.0648,101.6453,10000,4.9,mb
685,2016,12,23,4,56,16.8,"ANDAMAN ISLANDS, INDIA REGION",12.3232,91.9315,27780,4.4,mb
686,2016,12,19,14,27,57.3,XIZANG,29.0212,98.5306,22800,4.5,mb
687,2016,12,8,7,46,20.9,MYANMAR-INDIA BORDER REGION,23.444,94.8225,22840,4.7,mb
688,2016,12,3,19,42,11.2,"ANDAMAN ISLANDS, INDIA REGION",10.9345,91.886,10000,4.7,mb
689,2016,11,15,2,10,21.2,INDIA-BANGLADESH BORDER REGION,24.5992,92.2986,33970,4.6,mb
690,2016,10,26,6,29,9.3,INDIA-BANGLADESH BORDER REGION,23.1201,92.7926,41930,4.7,mb
691,2016,10,26,2,21,58.6,MYANMAR,22.8948,94.6065,107680,4.9,mb
692,2016,10,23,15,56,41.7,NORTHEASTERN INDIA,26.0651,90.256,22340,4.6,mb
693,2016,10,19,7,20,49.4,INDIA-BANGLADESH BORDER REGION,24.8107,91.2245,30290,4.4,mb
694,2016,10,11,17,41,2,MYANMAR,24.8327,96.2656,32520,4.5,mb
695,2016,10,11,7,30,14.3,MYANMAR-INDIA BORDER REGION,25.2519,95.0006,95330,4.7,mb
696,2016,10,9,0,8,41,MYANMAR-INDIA BORDER REGION,22.3856,93.8353,51540,4.4,mb
697,2016,10,7,19,28,41,MYANMAR-INDIA BORDER REGION,23.1834,94.1855,37840,4.5,mb
698,2016,10,6,14,47,57.2,NORTHEASTERN INDIA,26.443,92.773,56850,4.3,mb
699,2016,9,28,21,36,32,"SICHUAN, CHINA",29.6438,101.9644,10000,4.5,mb
700,2016,9,25,8,0,30.4,"SICHUAN, CHINA",29.633,101.9338,56980,4.2,mb
701,2016,9,23,2,18,36.8,"SICHUAN, CHINA",29.9005,99.7532,10000,4.2,mb
702,2016,9,22,13,23,44,MYANMAR-INDIA BORDER REGION,25.2601,95.6127,141470,4.6,mb
703,2016,9,20,9,10,11.2,"ANDAMAN ISLANDS, INDIA REGION",13.301,93.048,35000,4.3,mb
704,2016,9,19,21,11,27,XIZANG,29.1247,97.8313,66570,4.2,mb
705,2016,9,19,12,57,31.9,"ANDAMAN ISLANDS, INDIA REGION",10.3504,92.6927,33560,4.6,mb
706,2016,9,17,2,46,23.3,MYANMAR-INDIA BORDER REGION,24.368,93.9151,63470,4.3,mb
707,2016,9,16,5,18,49.8,"ANDAMAN ISLANDS, INDIA REGION",12.8909,92.492,29950,4.3,mb
708,2016,9,15,2,30,46.5,"ANDAMAN ISLANDS, INDIA REGION",10.1636,91.7111,20940,5,mb
709,2016,9,13,11,59,49,"ANDAMAN ISLANDS, INDIA REGION",10.2454,91.637,27710,4.7,mb
710,2016,9,4,22,28,38.6,"ANDAMAN ISLANDS, INDIA REGION",13.5061,92.7137,31340,4.2,mb
711,2016,9,4,13,5,48.7,EASTERN XIZANG-INDIA BORDER REG.,28.0653,92.032,28780,4,mb
712,2016,9,3,21,38,58.2,MYANMAR-INDIA BORDER REGION,27.2224,96.8182,43690,4.5,mb
713,2016,9,2,14,31,1,EASTERN XIZANG-INDIA BORDER REG.,28.6255,94.9397,23690,4.6,mb
714,2016,8,24,10,57,16.3,MYANMAR,20.9317,94.6688,93150,4.5,mb
715,2016,8,24,10,34,54.6,MYANMAR,20.9224,94.5687,82000,6.8,mww
716,2016,8,23,2,11,12.9,MYANMAR-INDIA BORDER REGION,23.8981,94.7048,102910,5,mwr
717,2016,8,19,10,45,55.5,MYANMAR,22.3558,95.6586,22280,4.2,mb
718,2016,8,18,18,23,56.3,"ANDAMAN ISLANDS, INDIA REGION",11.9017,93.5881,107980,4.6,mb
719,2016,8,15,8,57,7,MYANMAR,22.5185,94.7324,115100,4.5,mb
720,2016,8,8,22,30,40.3,"YUNNAN, CHINA",26.054,99.9187,43430,4.2,mb
721,2016,8,1,10,1,8.2,MYANMAR,21.3109,94.9305,131470,5.1,mb
722,2016,7,30,11,58,56.4,EASTERN XIZANG-INDIA BORDER REG.,29.068,94.6895,28230,4.1,mb
723,2016,7,29,14,2,51.1,MYANMAR-CHINA BORDER REGION,21.809,99.8216,14460,4.7,mb
724,2016,7,27,4,20,28.2,MYANMAR,21.5143,94.5705,96840,4.9,mb
725,2016,7,24,23,9,49.2,"ANDAMAN ISLANDS, INDIA REGION",14.9748,96.4342,27750,5,mb
726,2016,7,24,15,33,7.3,"ANDAMAN ISLANDS, INDIA REGION",12.7303,93.3143,62760,4.4,mb
727,2016,7,20,3,23,43.7,MYANMAR,22.8487,94.5868,91450,4.4,mb
728,2016,7,15,16,8,2.2,BAY OF BENGAL,15.4873,93.8979,10000,4.6,mb
729,2016,7,13,17,56,32.8,"ANDAMAN ISLANDS, INDIA REGION",12.0821,95.1704,10000,4.5,mb
730,2016,7,13,9,33,32,MYANMAR-INDIA BORDER REGION,24.5435,94.8081,91500,4,mb
731,2016,7,5,9,43,44.5,MYANMAR,24.8397,95.2089,101260,4.4,mb
732,2016,7,4,12,7,23,MYANMAR-INDIA BORDER REGION,22.4144,93.7739,37110,4.5,mb
733,2016,7,2,5,4,15.4,MYANMAR,20.8076,94.2046,78310,4.3,mb
734,2016,7,1,19,22,40,MYANMAR,24.9691,95.3737,132350,4.7,mb
735,2016,6,27,0,27,43.8,INDIA-BANGLADESH BORDER REGION,22.7084,92.0667,10000,4.7,mb
736,2016,6,22,13,3,20.2,MYANMAR,22.6845,94.6296,109320,4.6,mb
737,2016,6,20,8,5,22.2,MYANMAR,20.5353,93.9691,49030,4.5,mb
738,2016,6,11,18,12,23.4,MYANMAR-INDIA BORDER REGION,25.7858,95.2245,83120,4.5,mb
739,2016,6,10,14,21,8.7,MYANMAR-INDIA BORDER REGION,22.6959,93.8121,40580,4.3,mb
740,2016,6,3,10,1,58,"YUNNAN, CHINA",26.2247,99.7473,35000,4.3,mb
741,2016,6,2,6,2,40.8,MYANMAR,18.5171,96.5261,10000,4.6,mb
742,2016,5,30,17,40,24.1,XIZANG,29.8731,92.142,36890,4,mb
743,2016,5,27,5,3,10.2,MYANMAR,26.5252,96.4968,64300,4.6,mb
744,2016,5,23,5,47,52,"SICHUAN, CHINA",27.8862,101.362,35000,4.3,mb
745,2016,5,22,22,32,36.4,"ANDAMAN ISLANDS, INDIA REGION",10.2558,92.2057,30040,4.1,mb
746,2016,5,21,21,57,39.4,MYANMAR-INDIA BORDER REGION,23.9073,94.5819,83750,4,mb
747,2016,5,19,23,10,24.7,MYANMAR-INDIA BORDER REGION,22.7638,93.9152,42420,4.8,mb
748,2016,5,17,17,5,17.5,"YUNNAN, CHINA",26.0846,99.575,51350,4.8,mb
749,2016,5,17,16,48,55.9,"YUNNAN, CHINA",26.0476,99.492,53990,4.9,mb
750,2016,5,16,18,3,47.5,INDIA-BANGLADESH BORDER REGION,25.9006,90.2255,35120,4.3,mb
751,2016,5,12,7,54,19.1,MYANMAR-INDIA BORDER REGION,24.2716,94.3125,71480,4.8,mb
752,2016,5,9,16,3,47.2,"ANDAMAN ISLANDS, INDIA REGION",11.3506,91.5047,10000,5.2,mb
753,2016,5,9,16,0,22.1,"ANDAMAN ISLANDS, INDIA REGION",11.2676,91.4012,10000,4.3,mb
754,2016,5,7,9,43,39.6,INDIA-BANGLADESH BORDER REGION,25.4013,91.7893,37620,4.1,mb
755,2016,5,6,3,6,44.2,MYANMAR-INDIA BORDER REGION,23.4241,94.287,26820,4.1,mb
756,2016,5,2,15,49,2.3,MYANMAR,22.2751,94.6863,119970,4.2,mb
757,2016,5,1,7,8,41.9,MYANMAR,22.6224,94.7197,79460,4.2,mb
758,2016,4,24,21,55,42.8,"ANDAMAN ISLANDS, INDIA REGION",10.2055,91.5917,22650,4.3,mb
759,2016,4,22,7,50,43.8,MYANMAR,24.5441,96.0794,57110,4.3,mb
760,2016,4,19,20,47,57.2,"ANDAMAN ISLANDS, INDIA REGION",10.2564,93.7772,42830,4.4,mb
761,2016,4,19,20,32,57.1,"ANDAMAN ISLANDS, INDIA REGION",10.2153,93.6895,10000,5.3,mb
762,2016,4,18,15,29,54.9,"ANDAMAN ISLANDS, INDIA REGION",12.9466,92.3335,37350,4.7,mb
763,2016,4,14,5,41,53.1,MYANMAR-INDIA BORDER REGION,23.816,94.1986,61250,4.6,mb
764,2016,4,13,14,14,3.2,"ANDAMAN ISLANDS, INDIA REGION",12.5623,95.1787,10000,4.9,mb
765,2016,4,13,13,55,17.8,MYANMAR-INDIA BORDER REGION,23.0944,94.8654,136000,6.9,Mww
766,2016,4,5,7,42,24.4,INDIA-BANGLADESH BORDER REGION,25.7595,90.5452,10000,5,mb
767,2016,4,3,10,58,32.6,MYANMAR-INDIA BORDER REGION,23.7551,94.3079,62600,4.1,mb
768,2016,3,28,18,40,6.8,INDIA-BANGLADESH BORDER REGION,25.9519,90.6891,10000,4,mb
769,2016,3,23,10,50,2.4,MYANMAR,24.6302,96.1321,57150,4.5,mb
770,2016,3,21,3,35,51.8,"SICHUAN, CHINA",29.6153,101.9619,10000,4.8,mb
771,2016,3,20,16,54,13.1,XIZANG,29.9569,93.1989,10000,4.7,mb
772,2016,3,19,23,17,30.1,MYANMAR,20.0446,97.6713,27050,4.3,mb
773,2016,3,15,4,28,26.5,XIZANG,29.8667,98.0065,23730,4.7,mb
774,2016,3,13,15,4,36.9,"ANDAMAN ISLANDS, INDIA REGION",10.2834,93.5317,125890,4.3,mb
775,2016,3,13,10,30,11.2,NORTHEASTERN INDIA,26.245,92.2565,53710,4.5,mb
776,2016,3,12,9,39,37.7,"ANDAMAN ISLANDS, INDIA REGION",10.3914,92.4579,27860,4.2,mb
777,2016,3,11,11,7,22.6,"SICHUAN, CHINA",28.0616,101.4009,35000,4.7,mb
778,2016,3,10,15,2,10.9,MYANMAR-INDIA BORDER REGION,22.6044,93.8341,34990,4.2,mb
779,2016,3,7,12,23,1.7,MYANMAR-INDIA BORDER REGION,22.7585,93.9433,50030,4.5,mb
780,2016,3,7,3,13,58.2,MYANMAR,20.98,95.0238,100990,4.6,mb
781,2016,3,5,11,20,26.1,MYANMAR-CHINA BORDER REGION,21.6851,101.3736,15790,4.5,mb
782,2016,3,2,4,3,50.4,MYANMAR-INDIA BORDER REGION,26.4817,95.4216,21670,4.1,mb
783,2016,2,28,23,11,3.5,"ANDAMAN ISLANDS, INDIA REGION",10.2974,93.6503,127600,4,mb
784,2016,2,27,0,31,5.1,"ANDAMAN ISLANDS, INDIA REGION",13.4762,93.915,98700,4.5,mb
785,2016,2,16,23,6,59.9,NORTHEASTERN INDIA,26.2317,93.5056,40460,4.7,mb
786,2016,2,7,23,39,12.5,"YUNNAN, CHINA",26.1269,99.673,10000,4.3,mb
787,2016,2,7,23,31,10.1,MYANMAR-CHINA BORDER REGION,27.2437,98.324,16880,4.5,mb
788,2016,2,4,15,30,49.8,"ANDAMAN ISLANDS, INDIA REGION",14.2695,93.2464,10000,5.1,mb
789,2016,2,3,15,24,7.1,"ANDAMAN ISLANDS, INDIA REGION",10.3608,93.3475,96080,4.4,mb
790,2016,1,27,22,9,56.7,"ANDAMAN ISLANDS, INDIA REGION",13.7261,93.8004,88890,4.6,mb
791,2016,1,18,6,4,53.1,MYANMAR-INDIA BORDER REGION,24.1868,94.9004,84650,4.3,mb
792,2016,1,15,19,24,52.5,"ANDAMAN ISLANDS, INDIA REGION",11.7568,92.8636,50410,4.3,mb
793,2016,1,12,14,59,35.1,NEAR SOUTH COAST OF MYANMAR,16.5725,96.4762,50560,4.4,mb
794,2016,1,11,6,56,37,"ANDAMAN ISLANDS, INDIA REGION",13.5519,92.7103,35000,4.1,mb
795,2016,1,6,10,25,13.4,MYANMAR-INDIA BORDER REGION,24.8896,93.4003,58150,4.3,mb
796,2016,1,4,2,28,4.9,"ANDAMAN ISLANDS, INDIA REGION",12.0291,93.1309,68010,4.2,mb
797,2016,1,3,23,5,22.3,MYANMAR-INDIA BORDER REGION,24.8036,93.6505,55000,6.7,mww
798,2016,1,3,23,5,22,MYANMAR-INDIA BORDER REGION,24.83,93.66,55000,6.7,mwc
